#;Проект;Тема;Подзадачи;Связанные задачи
11170;NIS Сербия SAP23006_NPS_01  ;CR 28(580354);"";""
11169;SAP22030_NOKT_02 Нокиан  вторая очередь;OPTIS - 255 Связка оборудование - Актив;"";""
11168;SAP22030_NOKT_02 Нокиан  вторая очередь;OPTIS-237 справочник Тип заказа;"";""
11167;SAP22030_NOKT_02 Нокиан  вторая очередь;OPTIS-369;"";""
11166;SAP22030_NOKT_02 Нокиан  вторая очередь;OPTIS-157 и OPTIS-247 Новые изменения ;"";""
11165;SAP22030_NOKT_02 Нокиан  вторая очередь;Мелкие модификации по задачам;"";""
11164;ФК Зенит;"Нет возможности выбора типа записи при создании операций в модуле ""Контроллинг""";"";""
11163;NIS Сербия SAP23006_NPS_01  ;CR12 640103 (CAPEX) - оценка доработки транзакции ZSD_AVANSI;"";""
11161;SAP22030_NOKT_02 Нокиан  вторая очередь;OPTIS-203;"";""
11160;NIS Сербия SAP23006_NPS_01  ;CR10 (CAPEX) - Заполнение параметра BT-8 для фактур ZIV;"";""
11159;ФК Зенит;Настройка примера запроса на получение данных в систему Бюджетирование из ERP через SQL сервер на примере справочника ЦФО.;"";""
11158;SAP22030_NOKT_02 Нокиан  вторая очередь;OPTIS-58;"";""
11157;SAP22030_NOKT_02 Нокиан  вторая очередь;OPTIS-209;"";""
11156;SAP22030_NOKT_02 Нокиан  вторая очередь;OPTIS-67;"";""
11155;Белгородская индейка;Вынести в меню кассовые операции;"";""
11154;SAP22030_NOKT_02 Нокиан  вторая очередь;OPTIS-453;"";""
11153;Белгородская индейка;"ТУРБО БИ - автозаполнение склада в документе ""Отгрузки"" ";"";""
11152;NIS Сербия SAP23006_NPS_01  ;CR10 596191 (CAPEX) - создание новой печатной формы и настройка XML файла;"";""
11151;NIS Сербия SAP23006_NPS_01  ;RQ776014 Onemogaćavanje unosa tekućeg računa  ugašenih banaka na fakturama dobavljača.;"";""
11150;NIS Сербия SAP23006_NPS_01  ;Оценка 776009 Kreiranje izveštaja o nepovezanim stavkama za potrebe due date procesa.;"";""
11149; =ФК ТП 2023= системы Турбо Имущественный комплекс Федерального казначейства SAP23010_FK_03;"Некорректная работа поля ""Классификация"" в отчете ""Отчет по договорам (сводный).";"";""
11148; =ФК ТП 2023= системы Турбо Имущественный комплекс Федерального казначейства SAP23010_FK_03;Пакетник на заполнение полей в инженерных системах;"";""
11147; =ФК ТП 2023= системы Турбо Имущественный комплекс Федерального казначейства SAP23010_FK_03;Дергается горизонтальная полоса прокрутки;"";""
11146; =ФК ТП 2023= системы Турбо Имущественный комплекс Федерального казначейства SAP23010_FK_03;В карточке «Договор» не работает предфильтрация в поле «Организация»;"";""
11145;NIS Сербия SAP23006_NPS_01  ; ZAHTEV ( инцидент) 799133;"";""
11144;=2023= SAP23011_IAC_02 Судебный департамент Развитие Управление имуществом на ПО Турбо Х;Ошибка фильтрации при открытии затратных картотек под ограниченной ролью пользователя;"";""
11143;ФК Зенит;Сброс статуса в Заявке на оплату;"";""
11142;Белгородская индейка;ТУРБО Фудтех - Цены в сделке продаж;"";""
11141;Белгородская индейка;ТУРБО Фудтех - Отображение производственных партий ;"";""
11140; =ФК ТП 2023= системы Турбо Имущественный комплекс Федерального казначейства SAP23010_FK_03;"В ролевом центре ""Отчеты"" сделать корректные ссылки на отчеты";"";""
11139; =ФК ТП 2023= системы Турбо Имущественный комплекс Федерального казначейства SAP23010_FK_03;Добавить фильтрацию в картотеках ;"";""
11138;Белгородская индейка;ТУРБО Фудтех - Некорректный пересчет остатков;"";""
11137;SAP22030_NOKT_02 Нокиан  вторая очередь;OPTIS-445;"";""
11136;SAP22030_NOKT_02 Нокиан  вторая очередь;OPTIS-257 Ответственный в РЗ;"";""
11135;ФК Зенит;Анализ логики расчета доступного лимита для выполнения бюджетного контроля;"";""
11134;NIS Сербия SAP23006_NPS_01  ;CR795531  - оценка SEF ручные PDF (OPEX);"";""
11133;SAP21006_MOEK_39 ТП МОЭК SAP IS-U 2021-2024 гг.;Заполнение параметров платежа по документам ручных проводок (номер соглашения);"";""
11132;SAP22030_NOKT_02 Нокиан  вторая очередь;OPTIS-110;"";""
11131;Белгородская индейка;ТУРБО БИ - настройка мобильной версии для ТСД;"";""
11130; =ФК ТП 2023= системы Турбо Имущественный комплекс Федерального казначейства SAP23010_FK_03;"Автоматически не заполняется поле ""Техническая карточка обслуживания ТС"" при создании ОИ по разноске ОО";"";""
11129;=2023= SAP23011_IAC_02 Судебный департамент Развитие Управление имуществом на ПО Турбо Х;Изменить алгоритм вывода штатной численности в отчете 7.10;"";""
11128;=2023= SAP23011_IAC_02 Судебный департамент Развитие Управление имуществом на ПО Турбо Х;Ошибка вывода единиц измерения для линейных сооружений в правоустанавливающих документах;"";""
11127;SAP22030_NOKT_02 Нокиан  вторая очередь;OPTIS-62 Уведомления ответственных по ТМЦ;"";""
11126;SAP22030_NOKT_02 Нокиан  вторая очередь;OPTIS-447;"";""
11125; =ФК ТП 2023= системы Турбо Имущественный комплекс Федерального казначейства SAP23010_FK_03;Появляется ошибка при создании карточки объекта обслуживания;"";""
11124;ФК Зенит;Вид главного меню модуля Закупки;"";""
11123; =ФК ТП 2023= системы Турбо Имущественный комплекс Федерального казначейства SAP23010_FK_03;"Ошибка при попытке открытия документа ""Факт БДР""";"";""
11122;Белгородская индейка;Печать фискального чека;"";""
11121;SAP22030_NOKT_02 Нокиан  вторая очередь;OPTIS-446;"";""
11120;=2023= SAP23011_IAC_02 Судебный департамент Развитие Управление имуществом на ПО Турбо Х;Доработать вывод данных в отчете 7.8Т в разрезе УСД, районных и гарнизонных;"";""
11119;SAP22030_NOKT_02 Нокиан  вторая очередь;OPTIS-323;"";""
11118;NIS Сербия SAP23006_NPS_01  ;INC 801481 - при запуске транзакции Z_pl_update появляется дамп;"";""
11116; =ФК ТП 2023= системы Турбо Имущественный комплекс Федерального казначейства SAP23010_FK_03;"Добавить чек-бокс в карточке ""Роли доступа""";"";""
11115; =ФК ТП 2023= системы Турбо Имущественный комплекс Федерального казначейства SAP23010_FK_03;"На нативе не работает ""Универсальный фильтр""";"";""
11114; =ФК ТП 2023= системы Турбо Имущественный комплекс Федерального казначейства SAP23010_FK_03;"Некорректная работа панели фильтра в справочнике ""Полный реестр имущества"".";"";""
11113;SAP22030_NOKT_02 Нокиан  вторая очередь;OPTIS-427;"";""
11112;SAP22030_NOKT_02 Нокиан  вторая очередь;OPTIS - 404 интеграция с GT;"";""
11111;Белгородская индейка;Печать документа Счет на оплату;"";""
11110; =ФК ТП 2023= системы Турбо Имущественный комплекс Федерального казначейства SAP23010_FK_03;Требуется добавить выгрузку к отчетам;"";""
11109;Белгородская индейка;ТУРБО Фудтех - Некорректный пересчет остатков по партии;"";""
11108; =ФК ТП 2023= системы Турбо Имущественный комплекс Федерального казначейства SAP23010_FK_03;"Добавить фильтр на выбор ""Договора"" из карточки ""Заявки на обслуживание""";"";""
11107;ФК Зенит;"Доработка форм ""Банковская выписка"", ""Движения по расчетным счетам""";"";""
11106;ФК Зенит;"Доработка форм ""Выгрузка в клиент-банк"", ""Загрузка из клиент-банк""";"";""
11105;ФК Зенит;"Доработка форм ""Реестр платежей"", ""Платежные поручения""";"";""
11104;ФК Зенит;Тестирование плана закупок подразделения;"";связана с #11046
11103;ФК Зенит;"Доработка формы ""Платежная позиция""";"";""
11102;ФК Зенит;"Доработки формы ""Заявки на оплату""";"";""
11101;SAP22030_NOKT_02 Нокиан  вторая очередь;OPTIS-425 - Заказы на работу;"";""
11100;ФК Зенит;"Переименовать справочники в модуле ""Казначейство"", ""Бюджетный контроль""";"";""
11099; =ФК ТП 2023= системы Турбо Имущественный комплекс Федерального казначейства SAP23010_FK_03;"Исправить работу проверки на сервиса ""Создать приемку"" в карточке плановой ""Заявки на обслуживание""";"";""
11098;SAP22030_NOKT_02 Нокиан  вторая очередь;OPTIS-49 и OPTIS-68;"";""
11097;Белгородская индейка;ТУРБО БИ - интеграция с меркурием;"";""
11096;NIS Сербия SAP23006_NPS_01  ;CR17 SD1112909 (Часть 1 из 2) Добавление проверки ZSD_SD_067 в БЕ 1530 и 1540;"";""
11094;=2023= SAP23011_IAC_02 Судебный департамент Развитие Управление имуществом на ПО Турбо Х;В документ Акта выполненных работ добавить поле районного/гарнизонного суда;"";""
11093;=2023= SAP23011_IAC_02 Судебный департамент Развитие Управление имуществом на ПО Турбо Х;В документы оплаты добавить поле районного/гарнизонного суда;"";""
11092;Белгородская индейка;"ТУРБО БИ - доработка функционала ""Приема из производства""";"";""
11090;ФК Зенит;"Исчез меню ""Сервис"" с функциями на форме ""Лимиты бюджета""";"";""
11089;РусАгро - ЗНИ;SH-334 АРМ Планирования (не пишется номер заказа через запрос CreatePulSet);"";""
11088;ФК Зенит;"Доработки формы ""План закупок""";"";связана с #11046
11087;NIS Сербия SAP23006_NPS_01  ;514759 доработка ZAA_kontrol;"";""
11085; =ФК ТП 2023= системы Турбо Имущественный комплекс Федерального казначейства SAP23010_FK_03;"Скрыть системные поля в карточке ""Физического лица""  (на основании запроса IM10511070)";"";""
11084; =ФК ТП 2023= системы Турбо Имущественный комплекс Федерального казначейства SAP23010_FK_03;"Добавить фильтры в картотеки модуля ""Автотранспорт""";"";""
11083;Белгородская индейка;ТУРБО БИ - настройка функционала;"";""
11082;Белгородская индейка;ТУРБО Фудтех - Система не пускает в договоры;"";""
11081; =ФК ТП 2023= системы Турбо Имущественный комплекс Федерального казначейства SAP23010_FK_03;Разработать пакетник на заполнение поля ЦФО в карточках;"";""
11080;NIS Сербия SAP23006_NPS_01  ;CR 14 (469224,487598,492085,452801,572209);"";""
11079;ФК Зенит;Ошибки в карточке плана закупок подразделения;"";связана с #11046
11078;ФК Зенит;"Ошибка ""Рассчетный счет < РасчСчет > не распознан"" при загрузки банковской выписки";"";""
11077; =ФК ТП 2023= системы Турбо Имущественный комплекс Федерального казначейства SAP23010_FK_03;"Не отображаются поля ""Балансодержатель"", ""Пользователь"" и ""Описание"".";"";""
11076;NIS Сербия SAP23006_NPS_01  ;SD 572717 Удаление данных из печатной формы по БЕ 1530 и 1540;"";""
11075;Белгородская индейка;ТУРБО БИ - ошибка при формировании ветеринарного запроса;"";""
11074; =ФК ТП 2023= системы Турбо Имущественный комплекс Федерального казначейства SAP23010_FK_03;"Добавить фильтрацию для модуля ""Обслуживание и ремонт оборудования"" в соответствии с данными в карточке пользователя";#11081;""
11073;NIS Сербия SAP23006_NPS_01  ;CR 15 SD626969 Создание и расчёт общих соглашений о скидках в транзакциях VBO1, ZVBO1_W;"";""
11072;NIS Сербия SAP23006_NPS_01  ;Инцидент 792022;"";""
11071; =ФК ТП 2023= системы Турбо Имущественный комплекс Федерального казначейства SAP23010_FK_03;"На вэб-клиенте при переходе на вкладку ""Документы"" в карточке ""Договор"" появляется уведомление об ошибке";"";""
11070; =ФК ТП 2023= системы Турбо Имущественный комплекс Федерального казначейства SAP23010_FK_03;"Ошибка при открытии справочников ""Журнал ДТП"" и ""Журнал учета ГСМ"" ";"";""
11069;Белгородская индейка;Создание нумератора для форм первички;"";""
11068;SAP21006_MOEK_39 ТП МОЭК SAP IS-U 2021-2024 гг.;Налоговый мониторинг - разработка Режима по закрытию периода формирования налоговой отчетности;"";""
11067;Белгородская индейка;Настройка выгрузки в XML файл для загрузки в 1С;"";""
11066; =ФК ТП 2023= системы Турбо Имущественный комплекс Федерального казначейства SAP23010_FK_03;"Изменить способ ввода значения для характеристики ЕО с признаком ""Да/Нет""";"";""
11065; =ФК ТП 2023= системы Турбо Имущественный комплекс Федерального казначейства SAP23010_FK_03;"В карточке ""Объекта обслуживания"" не отображается наименование кнопок";"";""
11064; =ФК ТП 2023= системы Турбо Имущественный комплекс Федерального казначейства SAP23010_FK_03;Не работает панель фильтра в картотеках ;"";""
11063;NIS Сербия SAP23006_NPS_01  ; 689202 Опекс октябрь. Изменение  тр. FB02;"";""
11059; =ФК ТП 2023= системы Турбо Имущественный комплекс Федерального казначейства SAP23010_FK_03;"Запретить выбор группы в поле ""Подразделение"" в карточке ""Договора""";"";""
11058;ФК Зенит;Консолидированный план закупок;"";""
11057;SAP21006_MOEK_39 ТП МОЭК SAP IS-U 2021-2024 гг.;Доработка алгоритма выбора вложений при согласовании карточки через эл. почту по заявке 2000109929 (7000414903) ;"";""
11056;NIS Сербия SAP23006_NPS_01  ;CR726645 (CAPEX) Расширение Z_PRINTMNG для БЕ1430;"";""
11055; =ФК ТП 2023= системы Турбо Имущественный комплекс Федерального казначейства SAP23010_FK_03;"Некорректная работа ползунка в подтаблицах на вкладке ""Документы"" в карточки ""Объекта имущества""";"";""
11054; =ФК ТП 2023= системы Турбо Имущественный комплекс Федерального казначейства SAP23010_FK_03;"Ошибка на вкладке ""Договоры"" в карточке ОИ (декстоп версия)";"";""
11052;Белгородская индейка;Расширение аналитики в проводках;"";""
11051;РусАгро - ЗНИ;SH-334 Добавление проверок при создании ПУЛ (АРМ Планирования, ZPM_WBM);"";""
11050;РусАгро - ЗНИ;SH-334 АРМ Планирования (бэк);"";""
11049;NIS Сербия SAP23006_NPS_01  ;CR6 539327 / SD : Доработка нового ценового условия на основе уже существующего;"";""
11048;ФК Зенит;Справочник Перечень утверждающих органов;"";связана с #11046
11047;ФК Зенит;Справочник Статусы плана закупок;"";связана с #11046
11046;ФК Зенит;Разработка класса и формы для Плана подразделений (плана закупок) ;"";связана с #11048, связана с #11047, связана с #11079, связана с #11088, связана с #11104
11044;Белгородская индейка;ТУРБО БИ - Разработка нового функционала автоматического заполнения поля ;"";""
11043;Белгородская индейка;ТУРБО БИ - Разработка функционала Отгрузка ТМЦ для мобильного приложения;"";""
11042; =ФК ТП 2023= системы Турбо Имущественный комплекс Федерального казначейства SAP23010_FK_03;"Исправить вывод значения ""Год выпуска"" в карточке ""Автотранспорт"" на вэб-клиенте";"";""
11041;NIS Сербия SAP23006_NPS_01  ;CR 705769: интеграция с Maximo, отчёт для проверки результата интеграции;"";скопирована с #10533
11040;=2023= SAP23011_IAC_02 Судебный департамент Развитие Управление имуществом на ПО Турбо Х;"Добавить проверку дат в карточке ""Приемки""";"";""
11039;РусАгро - ЗНИ;РА-ТЗ-ЛОГ-170_SHLOG-277_MM_АРМ Доработка функционала ;"";""
11038; =ФК ТП 2023= системы Турбо Имущественный комплекс Федерального казначейства SAP23010_FK_03;"Требуется добавить проверку на включение ""Заявки на обслуживание"" в ""Годовой план работ""";"";""
11037;РусАгро - ЗНИ;SHLOG-277.АРМ ВЕСОВЩИК (ЗПП-28, реализация вывода ошибок перевеса);"";""
11036;Белгородская индейка;ТУРБО Фудтех - Доработка форм и отчетов;"";""
11035;Белгородская индейка;ТУРБО БИ - функционал автоматического подбора Сырья;"";""
11034;Белгородская индейка;ТУРБО БИ - доработка в документе Резервирования;"";""
11033;NIS Сербия SAP23006_NPS_01  ;CR 580358;"";""
11032;SAP21006_MOEK_39 ТП МОЭК SAP IS-U 2021-2024 гг.;Доработка ФМ получения и распределения оплат в соглашения;"";""
11028;Белгородская индейка;ТУРБО БИ - срыть информацию о документе Сборки;"";""
11027;ФК Зенит;Ошибка при создании заявки на оплату из карточки договора;"";""
11026;Белгородская индейка;"Доработка карточки ""Сотрудник""";"";""
11025;SAP22030_NOKT_02 Нокиан  вторая очередь;OPTIS-157 и OPTIS-247;#11166;""
11024;NIS Сербия SAP23006_NPS_01  ;CR10 (646478, 640071, 624520) Улучшение XML (тр. Z_PRINTMNG);"";""
11023;Белгородская индейка;В договоре продаж пересчитать долг;"";""
11022;Белгородская индейка;"ТУРБО Фудтех - Разработка отчета ""Реализация продукции и Анализ ГП""";"";""
11021;Белгородская индейка;"Турбо Фудтех - Доработка карточки ""Отгрузка ТМЦ"" ";"";""
11020;=2023= SAP23011_IAC_02 Судебный департамент Развитие Управление имуществом на ПО Турбо Х;В отчетах по заявкам на обслуживание и по приемках работ добавить нумерацию заявок/приемок;"";""
11019;=2023= SAP23011_IAC_02 Судебный департамент Развитие Управление имуществом на ПО Турбо Х;Закрыть от обычных пользователей справочники Операции, Технологические карты, Тарифы и нормы, Классификатор;"";""
11018;=2023= SAP23011_IAC_02 Судебный департамент Развитие Управление имуществом на ПО Турбо Х;В документе эксплуатации для контрагента поле Договор сделать обязательным;"";""
11017; =ФК ТП 2023= системы Турбо Имущественный комплекс Федерального казначейства SAP23010_FK_03;"Принцип установки ""замка"" в карточках ""Путевой лист""";"";""
11016;NIS Сербия SAP23006_NPS_01  ;Инцидент 768599.;"";""
11014;Белгородская индейка;"ТУРБО Фудтех - Разработка отчета ""Остатки на складе""";"";""
11013;NIS Сербия SAP23006_NPS_01  ;Оценка трудоемкости_725824;"";""
11012;SAP22030_NOKT_02 Нокиан  вторая очередь;МР v.1.4.1.7 (OPTIS-412) Ошибки при переходе с десктопа на мобилку;"";""
11011;NIS Сербия SAP23006_NPS_01  ;CR 609123 / SD : Реализовать замену полей в формах V.2.0;"";скопирована с #10813
11010;Белгородская индейка;Скрыть документ Оплаты из УЦП (Получение оплаты от покупателя);"";""
11009;Белгородская индейка;"Турбо Фудтех - Доработка карточки ""Перемещение ТМЦ""";"";""
11006;Белгородская индейка;"ТУРБО Фудтех - Разработка отчета ""Ведомость по товарам на складе""";"";""
11005;SAP22030_NOKT_02 Нокиан  вторая очередь;МР v1.4.1.7. (OPTIS-413) Пропадает склад после некорректного закрытия приложения;"";""
11004;SAP22030_NOKT_02 Нокиан  вторая очередь;МР V1.4.1.7 Ошибки в работе (родительская задача);#11005, #11007, #11012;""
11003;SAP21006_MOEK_39 ТП МОЭК SAP IS-U 2021-2024 гг.;Доработка формирования данных в расчетно-платежных документах по заявке 2000109737 (7000414231);"";""
11001;Белгородская индейка;ТУРБО БИ - ошибка Наименования продукции;"";""
11000;Белгородская индейка;"ТУРБО Фудтех - Некорректное построение отчета ""ОСВ по ТМЦ""";"";""
10999;Белгородская индейка;ТУРБО Фудтех - Ошибка при создании договора продажи;"";""
10998;РусАгро - ЗНИ;РА-ТЗ-ЛОГ-170_SHLOG-277_MM_АРМ Весовщика Автоматическое разбиение документа при перегрузе транспортного средства;"";""
10997;Белгородская индейка;ТУРБО БИ - ошибка в документе Сделки;"";""
10994;NIS Сербия SAP23006_NPS_01  ;CR 696454 Добавить Завод в документы формируемые транзакцией ZINT_PRICEB ;"";""
10993;Белгородская индейка;Учет времени для синхронизации часов СУРВ - Редмайн: созвоны, изучение материала и т.д;"";""
10992;Белгородская индейка;Формирование фискального чека из документа Эквайринговая операция ;"";""
10991;=2023= SAP23011_IAC_02 Судебный департамент Развитие Управление имуществом на ПО Турбо Х;Изменить алгоритм заполнения поля ТМ при создании связанного ОО;"";""
10990;NIS Сербия SAP23006_NPS_01  ;CR11 651230 Obezbeđenje XML formata za slanje kamatnih obračuna iz SAP-a u SEF.;"";""
10989;=2023= SAP23011_IAC_02 Судебный департамент Развитие Управление имуществом на ПО Турбо Х;Изменения на форме Приемки работ;"";""
10988;Белгородская индейка;Проводки по документам Отгрузки и оплат;"";""
10987;Белгородская индейка;Формирование фискального чека из Отгрузки ТМЦ;"";""
10986;Белгородская индейка;Привязка документов к счету;"";""
10985;Белгородская индейка;"Доработка карточки ""Юридическое лицо""";"";""
10983;=2023= SAP23011_IAC_02 Судебный департамент Развитие Управление имуществом на ПО Турбо Х;Изменения на форме Объекта обслуживания;"";""
10981;=2023= SAP23011_IAC_02 Судебный департамент Развитие Управление имуществом на ПО Турбо Х;Добавить название отчета при выгрузке в файл (Универсальный отчет по ОН);"";""
10980;=2023= SAP23011_IAC_02 Судебный департамент Развитие Управление имуществом на ПО Турбо Х;В отчетах по заявкам и по приемкам добавить заголовок для табличной группировки;"";""
10978;РусАгро - ЗНИ;SH-333 Доработка импорт-функции GetTekhnologia;"";""
10977;NIS Сербия SAP23006_NPS_01  ;685127;"";""
10976;NIS Сербия SAP23006_NPS_01  ;CR723339 Оценка. Внесение изменений в Название материала в XML (Z_PRINTMNG);"";""
10975;NIS Сербия SAP23006_NPS_01  ;CR6 539327 / SD : Разработка нового ценового условия на основе уже существующего;"";скопирована с #10851
10974;РусАгро - ЗНИ;SHLOG-203 Корректировка IDoc ZRFIDEQUI (поле MATNR) при создании\изменении единиц оборудования.;"";""
10973;NIS Сербия SAP23006_NPS_01  ;Инцидент ( реквест) 780496. transport errors on SBX143 for CR270;"";""
10970;ФК Зенит;"Ошибка при открытии формы ""Банковские выписки"" в модуле ""Казначейство""";"";""
10969;NIS Сербия SAP23006_NPS_01  ;CR no 18 (726660);"";""
10967;РусАгро - Тех.поддержка;SHLOG-240 доработка трех отчетов;"";""
10966;NIS Сербия SAP23006_NPS_01  ;CR no.13 (657205,651498) Automation of importing VAT records to SEF;"";""
10965;ФК Зенит;Нельзя создать кассу;"";""
10964;Белгородская индейка;"ТУРБО Фудтех - Доработка карточки ""Склад""";"";""
10963;ФК Зенит;Изменение выбора предприятия в карточке ЦФО;"";""
10962;NIS Сербия SAP23006_NPS_01  ;CR 717556 - Оценка. Необходимо реализовать выгрузку данных из таблиц SAP в шаблон Excel;"";""
10961;Белгородская индейка;ТУРБО Фудтех - Доработка справочника ВСД;"";""
10959;Белгородская индейка;ТУРБО Фудтех - Доработка форм и документов ТУРБО;"";""
10958;ФК Зенит;"Доработка формы ""Лимиты бюджета""  в модуле ""Бюджетный контроль""";"";связана с #10957
10957;ФК Зенит;"Доработка вкладки ""Бюджетный контроль"" записей справочника ""Наши предприятия""";"";связана с #10958
10956;ФК Зенит;"Доработка справочника ""Проекты""";"";""
10955;SAP22030_NOKT_02 Нокиан  вторая очередь;Восстановление работоспособности мобильного приложения после обновления по Пакету 3;"";""
10954;SAP22030_NOKT_02 Нокиан  вторая очередь;OPTIS-239;#11121;""
10953;SAP21006_MOEK_39 ТП МОЭК SAP IS-U 2021-2024 гг.;Изменение срока оплаты после отмены выравнивания;"";""
10952; =ФК ТП 2023= системы Турбо Имущественный комплекс Федерального казначейства SAP23010_FK_03;"При открытии справочника ""Материалы"" из карточки ОИ ТУРБО встает";"";""
10951;Белгородская индейка;"Эквайринг. Создание документа ""Эквайринговая операция""";"";""
10950;NIS Сербия SAP23006_NPS_01  ;Оценка. CRM 734715;"";""
10949;РусАгро - ЗНИ;SHLOG-286 Медленная работа силосной доски.;"";""
10947;РусАгро - Тех.поддержка;ЗНИ SHFIN-355 Внесение изменений в карточку выдачи СИЗ;"";""
10946;Белгородская индейка;ТУРБО Фудтех - ошибка в документе Приема из производства ;"";""
10944;ФК Зенит;Доработка записей справочника Мероприятие;"";""
10943;NIS Сербия SAP23006_NPS_01  ;RQ 758229 - корректировка/дополнение по проекту «Модель учета мониторинга договоров лизинга в соответствии с МСФО16».;"";""
10942;NIS Сербия SAP23006_NPS_01  ;SD 757087 Замена счёта банка в выходных и электронных формах;"";скопирована с #10861
10941;Белгородская индейка;Эквайринг (Договоры эквайринга, Эквайринговые терминалы);"";""
10940;Белгородская индейка;"ТУРБО Фудтех - Доработка карточки ""Списание ТМЦ"" ";"";""
10939;Белгородская индейка;"ТУРБО Фудтех - Доработка карточки ""Передача в производство""";"";""
10938; =ФК ТП 2023= системы Турбо Имущественный комплекс Федерального казначейства SAP23010_FK_03;"Исправить функционал подбора ""Заявок на работы"" и ""Приемок"" по договору на вкладке ""Связанные заявки и приемки""";"";""
10937;NIS Сербия SAP23006_NPS_01  ;Оценка ЗНИ 575114;"";""
10936;Белгородская индейка;ТУРБО Фудтех - Ошибка при формировании возврата от покупателя;"";""
10935;РусАгро - ЗНИ;РА-ТЗ-ЛОГ-170_SHLOG-277_MM_АРМ Весовщика Автоматическое разбиение документа при перегрузе транспортного средства;"";""
10933; =ФК ТП 2023= системы Турбо Имущественный комплекс Федерального казначейства SAP23010_FK_03;Вернуть переход на форму ОИ из карточки договора (запрос IM10309032);"";""
10932;NIS Сербия SAP23006_NPS_01  ;RFC 1139160 CRM OPEX;"";""
10931;Белгородская индейка;ТУРБО Фудтех - Доступ к Меркурию;"";""
10929;Белгородская индейка;ТУРБО Фудтех - Ошибка при создании перемещения из приёмки;"";""
10928;SAP21006_MOEK_39 ТП МОЭК SAP IS-U 2021-2024 гг.;Анализ ошибки, возникающей при вызове GOS меню в претензии по заявке 2000109323 (7000412504);"";""
10926; =ФК ТП 2023= системы Турбо Имущественный комплекс Федерального казначейства SAP23010_FK_03;Скрыть пункт в заявке на обслуживание (запрос IM10236735);"";""
10925;NIS Сербия SAP23006_NPS_01  ;Opex september 748813.  « analiz i korekciju programa za slanje kompenzacija u SCMS sistem» ;"";""
10924;Белгородская индейка;Создать картотеку Счет на оплату;#11111;""
10923; =ФК ТП 2023= системы Турбо Имущественный комплекс Федерального казначейства SAP23010_FK_03;Исправить работу вставки значения (заявки IM10249882 и IM10210866 );"";""
10922;Белгородская индейка;ТУРБО Фудтех - Неправильный пересчет ГП в партии;"";""
10921;Белгородская индейка;Выделить ККТ в отдельный проект;"";""
10918;РусАгро - Тех.поддержка;SHLOG-162 Доп. требования - автоматический выбор ПФМ для заказов и заявок;"";""
10916;РусАгро - Тех.поддержка;SH-434 - Доработка транзакции ZPP SYNC OPER в части добавления расчетных колонок в таблицу;"";""
10915; =ФК Модернизация 2023= Федеральное казначейство Модернизация ЦИК . SAP23009_FK_02;Некорректная работа отчета объектов по ФО в разрезе регионо;"";""
10914;NIS Сербия SAP23006_NPS_01  ;CR 763913 - Оценка. Необходимо изменить логотип компании на печатных формах;"";""
10913;ФК Зенит;Доработка формы договора;"";""
10912;ФК Зенит;Добавить справочник Признаки договоров;"";""
10911;NIS Сербия SAP23006_NPS_01  ;626969 / SD : ZVBO1_W;"";""
10910;Белгородская индейка;Карточка Движение по банку;"";""
10909; =ФК Модернизация 2023= Федеральное казначейство Модернизация ЦИК . SAP23009_FK_02;Некорректно работает нумератор;"";""
10908;ФК Зенит;Доработка и интеграция справочника Мероприятия.;"";""
10907; =ФК ТП 2023= системы Турбо Имущественный комплекс Федерального казначейства SAP23010_FK_03;Нет возможности создания/редактирования договоров (запросы IM10245720 и IM10245123);"";""
10906; =ФК ТП 2023= системы Турбо Имущественный комплекс Федерального казначейства SAP23010_FK_03;Исправить работу выгрузки печатной формы для ОИ (запрос IM10236735);"";""
10905;NIS Сербия SAP23006_NPS_01  ;CR 762474: удаление банковских инструкций в печатных формах;"";""
10904;РусАгро - ЗНИ;SHLOG-277 АРМ весовщика: поля дата+время и неполная разгрузка для операции R01;"";""
10903;Белгородская индейка;"ТУРБО Фудтех - Доработка карточки ""Перемещение ТМЦ"" доработка";"";""
10902;РусАгро - ЗНИ;SHLOG-203 Расширение функционала транзакции ZMM_TMC_STOR.;"";""
10901;Белгородская индейка;ТУРБО Фудтех - Ошибка при создании документа приёма из производства;"";""
10900;NIS Сербия SAP23006_NPS_01  ;CR 761831 - Оценка. Доработка Z_PRINTMNG (расширение на БЕ 1520);"";""
10899;Белгородская индейка;ТУРБО Фудтех - Разработка мобильного приложения, функционал Приём из производства + Перемещение, дополнения и исправления;"";""
10897; =ФК ТП 2023= системы Турбо Имущественный комплекс Федерального казначейства SAP23010_FK_03;Затраты в картотеке и карточке годового плана отображаются некорректно (на основе IM10235551 и IM10660093);"";""
10896;Белгородская индейка;ТУРБО Фудтех - Доработка карточки ТМЦ;"";""
10894; =ФК ТП 2023= системы Турбо Имущественный комплекс Федерального казначейства SAP23010_FK_03;Исправить работу доп. соглашения в договоре;"";""
10892; =ФК Модернизация 2023= Федеральное казначейство Модернизация ЦИК . SAP23009_FK_02;Добавить выгрузку в отчет по заявка на работу;"";""
10891; =ФК Модернизация 2023= Федеральное казначейство Модернизация ЦИК . SAP23009_FK_02;Работы с отчетностью ;"";""
10890; =ФК Модернизация 2023= Федеральное казначейство Модернизация ЦИК . SAP23009_FK_02;Обновление продуктивной и предпродуктивной систем заказчика ;"";""
10889;NIS Сербия SAP23006_NPS_01  ;RQ 566398 автоматизация части выписки по балансовой единице 1520.;"";""
10888;Белгородская индейка;Формирование партии;#10790;""
10887;Белгородская индейка;Реализация;#10790, #10888;""
10886;РусАгро - ЗНИ;SH-333 Доработка импорт-функции GetTechFieldGroups;"";""
10885;Белгородская индейка;"ТУРБО Фудтех - Некорректное создание документа ""Отгрузка ТМЦ покупателю"" (оплата)";"";""
10884;Белгородская индейка;"ТУРБО Фудтех - Некорректное создание документа ""Отгрузка ТМЦ покупателю""";"";""
10883;SAP21006_MOEK_39 ТП МОЭК SAP IS-U 2021-2024 гг.;Изменение условия в распределении платежей для '07' 17-19гг;"";""
10882;Белгородская индейка;ТУРБО Фудтех - Некорректное отображение сделок продажи.;"";""
10880; =ФК ТП 2023= системы Турбо Имущественный комплекс Федерального казначейства SAP23010_FK_03;"Требуется добавить проверку на заполнение полей в карточке ""Заявки на обслуживание""";"";""
10878;NIS Сербия SAP23006_NPS_01  ;CR 678372 - неверно подтягивается расчетный счет;"";""
10877;NIS Сербия SAP23006_NPS_01  ;CR 471045 /SD Замена в печатной форме пустого текста из фактуры на текст договора;"";""
10876; =ФК ТП 2023= системы Турбо Имущественный комплекс Федерального казначейства SAP23010_FK_03;"Требуется изменить алгоритм расчета площадей в отчете ""Структура площадей по ФО, м2""";"";""
10873;=2023= SAP23011_IAC_02 Судебный департамент Развитие Управление имуществом на ПО Турбо Х;Исправить формат даты в печатной форме Отчета по размещению в многоквартирных домах;"";""
10872;=2023= SAP23011_IAC_02 Судебный департамент Развитие Управление имуществом на ПО Турбо Х;В документе МГН разрешить вводить значение количества лифтов;"";""
10871;=2023= SAP23011_IAC_02 Судебный департамент Развитие Управление имуществом на ПО Турбо Х;"Исправить работу ""Годовых планов работ""";"";""
10870;Белгородская индейка;ТУРБО Фудтех - Ошибка при построении отчета из управления договорами;"";""
10869;РусАгро - Тех.поддержка;РА-ТЗ-ЛОГ-195 Разработка, доработка функционала транзакции ZJ3RFUTDIN Номер предшествующего документа;"";""
10868;NIS Сербия SAP23006_NPS_01  ;CR 762474 Оценка: удаление банковских инструкций в печатных формах;"";""
10867;Белгородская индейка;создать картотеку «Сверки взаиморасчетов»;"";""
10866; =ФК ТП 2023= системы Турбо Имущественный комплекс Федерального казначейства SAP23010_FK_03;"Вернуть скрол в табличной части блока ""Работы""  на вкладке ""Основное"" в карточке ""Заявки на обслуживание"" (на основание заявки IM10194306 и 10191169) ";"";""
10865; =ФК ТП 2023= системы Турбо Имущественный комплекс Федерального казначейства SAP23010_FK_03;"Вернуть скрол в табличных частях ""График поставок/отгрузок товаров/услуг"" и ""График платежей/поступлений""  на вкладке ""Финансовые условия"" в карточке ""Договор"" (на основание заявки IM10199133) ";"";""
10864; =ФК Модернизация 2023= Федеральное казначейство Модернизация ЦИК . SAP23009_FK_02;"Требуется исправить работу отчета ""Реестр объектов имущества""";"";""
10862;=2023= SAP23011_IAC_02 Судебный департамент Развитие Управление имуществом на ПО Турбо Х;Ошибка в отчете 7.7КР при формировании за районные;"";""
10861;NIS Сербия SAP23006_NPS_01  ;SD 757087 Замена счёта банка в выходных и электронных формах;"";скопирована в #10942
10860;Белгородская индейка;ТУРБО Фудтех - Мобильное приложение (Приём и перемещение);"";""
10859;Белгородская индейка;ТУРБО Фудтех - Доработка приёма из производства и производственной партии;"";""
10858;Белгородская индейка;"ТУРБО Фудтех - Ошибка при создании документа ""Внутреннее перемещение ТМЦ""";"";""
10857;=2023= SAP23011_IAC_02 Судебный департамент Развитие Управление имуществом на ПО Турбо Х;Ошибка работы отчета 7.7Т ;"";""
10855;Белгородская индейка;"ТУРБО Фудтех - ошибка ""Списание ТМЦ""";"";""
10854;NIS Сербия SAP23006_NPS_01  ;IN 705769  Ошибка при обработке IDOC;"";скопирована с #10699
10853; =ФК ТП 2023= системы Турбо Имущественный комплекс Федерального казначейства SAP23010_FK_03;"Добавить проверку по виду работ для ""Годового плана по подразделению"" (запрос IM10116628 )";"";""
10852;РусАгро - ЗНИ;SH-334 Реализация проверок при создании заказов через АРМ Планирования и тр. ZPM_WBM;"";""
10851;NIS Сербия SAP23006_NPS_01  ;CR6 539327 / SD : Разработка нового ценового условия;"";скопирована в #10975
10850;Белгородская индейка;Интеграция Эквайринга для передачи данных ККТ;"";""
10849; =ФК ТП 2023= системы Турбо Имущественный комплекс Федерального казначейства SAP23010_FK_03;Требуется изменить работу функционала формирования карточек Годового плана (основание запрос IM10157996);"";""
10848;РусАгро - ЗНИ;SHLOG-203 Настройка загрузки данных в ;"";""
10846;NIS Сербия SAP23006_NPS_01  ;RQ 604238	CMDB interface+ отчет;"";""
10845;РусАгро - Тех.поддержка;SHLOG-203 Доработка работоспособности функционала ТСД.;"";""
10844;Белгородская индейка;"ТУРБО Фудтех - Доработка карточки ""Перемещение ТМЦ""";#10903;""
10843;РусАгро - Тех.поддержка;INC000000934643 Автоматическое деблокирование заказов вида UL01 в ZPM_WBM.;"";""
10842;РусАгро - Тех.поддержка;SHLOG-203 Добавление новых полей в IDoc ZRFIDMATNR.;"";""
10841;NIS Сербия SAP23006_NPS_01  ;Incident 765280 ;"";""
10840;=2023= SAP23011_IAC_02 Судебный департамент Развитие Управление имуществом на ПО Турбо Х;Исправить ошибки в отчете Сведения о доступности для МГН зданий судов/УСД;"";""
10839;NIS Сербия SAP23006_NPS_01  ;IN761484 Ошибка при отправке СФ в SEF;"";""
10838;NIS Сербия SAP23006_NPS_01  ;764535  Procena za novi logo FI štampane forme u kompaniji HIP ;"";""
10837;=2023= SAP23011_IAC_02 Судебный департамент Развитие Управление имуществом на ПО Турбо Х;Исправить хинты и текст ошибки в карточке ОО;"";""
10836;=2023= SAP23011_IAC_02 Судебный департамент Развитие Управление имуществом на ПО Турбо Х;Скрыть столбец Код (по умолчанию) в картотеках модуля Ремонтов;"";""
10835; =ФК ТП 2023= системы Турбо Имущественный комплекс Федерального казначейства SAP23010_FK_03;Не передаются данные в уточняющие отчеты;"";""
10833; =ФК ТП 2023= системы Турбо Имущественный комплекс Федерального казначейства SAP23010_FK_03;Расширить аналитики при учете затрат;"";""
10832;Белгородская индейка;"ТУРБО Фудтех - ошибка Реестр ""Сборка""";"";""
10831;SAP21006_MOEK_39 ТП МОЭК SAP IS-U 2021-2024 гг.;Доработка алгоритма формирования документа Счет в транзакции печати РПД по заявке 2000108660 (7000410446);"";""
10828; =ФК ТП 2023= системы Турбо Имущественный комплекс Федерального казначейства SAP23010_FK_03;Отображения изображений в карточке объекта (основание, запрос IM10115482);"";""
10826;NIS Сербия SAP23006_NPS_01  ;CR 758657 . Оценка + разработка;"";""
10825;РусАгро - Тех.поддержка;"INC000000922505 Ошибка отображения механизатора в АРМ ""Балансировка сельхоз техники"".";"";""
10824;SAP21006_MOEK_39 ТП МОЭК SAP IS-U 2021-2024 гг.;Налоговый мониторинг -Разработка пользовательского интерфейса корректировки данных;"";""
10823;Белгородская индейка;Загрузка из клинт-банка;"";""
10822;SAP22030_NOKT_02 Нокиан  вторая очередь;OPTIS-38;"";""
10821;SAP22030_NOKT_02 Нокиан  вторая очередь;OPTIS-199;"";""
10820;SAP22030_NOKT_02 Нокиан  вторая очередь;OPTIS-37;"";""
10819; =ФК ТП 2023= системы Турбо Имущественный комплекс Федерального казначейства SAP23010_FK_03;Ошибка построения отчета по СБК в объекте имущества ;"";""
10817;РусАгро - Тех.поддержка;Сервис odata GetNorms не возвращает нормы выработки наемных комбайнов для части полей.;"";""
10816;Белгородская индейка;"ТУРБО Фудтех - Доработка карточки ""Возврат ТМЦ от Покупателя""";"";""
10815;=2023= SAP23011_IAC_02 Судебный департамент Развитие Управление имуществом на ПО Турбо Х;"Удалить блок ""Оборудование здания/сооружения"" в печатной форме карточек здания и сооружения";"";""
10814;=2023= SAP23011_IAC_02 Судебный департамент Развитие Управление имуществом на ПО Турбо Х;Добавить хинт к ячейке Лифт документа МГН;"";""
10813;NIS Сербия SAP23006_NPS_01  ;CR 609123 / SD : В программе ZSD_PRINTMNG, заменять BT-12 информацией из ZSD_T_VBAOKA-DELBROJ, вместо VBKD-BSTKD если поле не пустое;"";скопирована в #11011
10811;NIS Сербия SAP23006_NPS_01  ;CR 2 (1170734) CAPEX;"";""
10810;Белгородская индейка;ТУРБО Фудтех - Доработка карточки Отгрузка ТМЦ покупателю;"";""
10808;Белгородская индейка;"ТУРБО Фудтех - доработка карточки ""Приемка из производства""";"";""
10807;SAP22030_NOKT_02 Нокиан  вторая очередь;OPTIS-40;"";""
10806;SAP22030_NOKT_02 Нокиан  вторая очередь;OPTIS-64;"";""
10801;=2023= SAP23011_IAC_02 Судебный департамент Развитие Управление имуществом на ПО Турбо Х;При сохранении карточки ОН неверно отрабатывает проверка суммарных площадей по документам эксплуатации;"";""
10800;=2023= SAP23011_IAC_02 Судебный департамент Развитие Управление имуществом на ПО Турбо Х;Сделать хинты к полям карточки;"";""
10799;SAP22030_NOKT_02 Нокиан  вторая очередь;OPTIS-110 (мобильное решение);"";""
10798;SAP22030_NOKT_02 Нокиан  вторая очередь;OPTIS-110 (десктопная часть);"";""
10797;SAP22030_NOKT_02 Нокиан  вторая очередь;OPTIS-92 и OPTIS-141;#11165;""
10795; =ФК ТП 2023= системы Турбо Имущественный комплекс Федерального казначейства SAP23010_FK_03;В отчете Перечень объектов недвижимого имущества сделать множественный выбор;"";""
10794;Белгородская индейка;ТУРБО 10.51 Фудтех - Доработка интеграции ТУРБО с системой Меркурий при оформлении транспортной партии;"";""
10793;NIS Сербия SAP23006_NPS_01  ;CR 4 (1144154);"";""
10791; =ФК ТП 2023= системы Турбо Имущественный комплекс Федерального казначейства SAP23010_FK_03;Ошибка при создании плана по подразделению.;"";""
10790;Белгородская индейка;ТУРБО 10.51 ФудТех - Срок годности партии при приёме из производства;"";""
10789;SAP21006_MOEK_39 ТП МОЭК SAP IS-U 2021-2024 гг.;Налоговый мониторинг -Доп лист ниги покупок, таблица БД;"";""
10788;SAP21006_MOEK_39 ТП МОЭК SAP IS-U 2021-2024 гг.;Налоговый мониторинг -Доп лист книги продаж, таблица БД;"";""
10787;SAP22030_NOKT_02 Нокиан  вторая очередь;OPTIS-72;"";""
10786;SAP22030_NOKT_02 Нокиан  вторая очередь;OPTIS-55;"";""
10785;SAP22030_NOKT_02 Нокиан  вторая очередь;OPTIS-53 (мобильное приложение);"";""
10784;SAP22030_NOKT_02 Нокиан  вторая очередь;OPTIS-53 (десктопная часть);"";""
10783;SAP22030_NOKT_02 Нокиан  вторая очередь;OPTIS-84;"";""
10781;РусАгро - ЗНИ;SHLOG-203 Создание IDoc при создании\изменении единиц оборудования.;"";""
10780;SAP21006_MOEK_39 ТП МОЭК SAP IS-U 2021-2024 гг.;Налоговый мониторинг -Книги покупок, таблица БД;"";""
10779;Белгородская индейка;ТУРБО 10.51 ФудТех - Первичная документация;#11069;""
10778;=2023= SAP23011_IAC_02 Судебный департамент Развитие Управление имуществом на ПО Турбо Х;В отчете 7.8Т выводятся строки с нулевыми показателями;"";""
10777;=2023= SAP23011_IAC_02 Судебный департамент Развитие Управление имуществом на ПО Турбо Х;"Доработка проверки в карточке ""Заявка на обслуживание""";"";""
10776;РусАгро - ЗНИ;SHLOG-203 Создание IDoc при создании\изменении материала.;"";""
10775;РусАгро - ЗНИ;SHLOG-203 Создание таблицы и транзакции для ее просмотра и ведения. Выездная инвентаризация РАИ.  ;"";""
10774;Белгородская индейка;ТУРБО 10.51 ФудТех - Разработка транспортных справочников и доработка документов движения ТМЦ;"";""
10773;NIS Сербия SAP23006_NPS_01  ;CR 749015 оценка доработки тр. Z_PRINTMNG, расширение XML;"";""
10772;NIS Сербия SAP23006_NPS_01  ;Программа ZCO_INT_STOCK_POST;"";""
10771; =ФК Модернизация 2023= Федеральное казначейство Модернизация ЦИК . SAP23009_FK_02;"Требуется добавить выгрузку в отчеты ""Отчет годовое потребление ГСМ"" и ""Отчет по расходу ГСМ""";"";""
10770;Белгородская индейка;ТУРБО 10.51 ФудТех - Разработка инструмента ведения ПУЦ;"";""
10768;SAP21006_MOEK_39 ТП МОЭК SAP IS-U 2021-2024 гг.;Налоговый мониторинг -Книги продаж, таблица БД;"";""
10767;NIS Сербия SAP23006_NPS_01  ;CR 1138624 v.2.0 Замена счета компании по представленному примеру;"";""
10765; =ФК Модернизация 2023= Федеральное казначейство Модернизация ЦИК . SAP23009_FK_02;Отсутствие скролла в настраиваемых отчетах;"";""
10764;=2023= SAP23011_IAC_02 Судебный департамент Развитие Управление имуществом на ПО Турбо Х;"Доработка отчета ""Неактуальные сведения""";"";""
10763; =ФК ТП 2023= системы Турбо Имущественный комплекс Федерального казначейства SAP23010_FK_03;"В отчет ""Объекты по видам собственности"" вывести промежуточные итоги";"";""
10762;SAP21006_MOEK_39 ТП МОЭК SAP IS-U 2021-2024 гг.;Доработка программы формирования печатных форм расчетно-платежных документов.;"";""
10760;SAP22030_NOKT_02 Нокиан  вторая очередь; OPTIS-373 Таблицы интеграции ERP-OPTIMA;"";""
10759;NIS Сербия SAP23006_NPS_01  ;Опекс RQ 537792 PZ document,abap code connected with 'Interface 39' in 1410;"";""
10758;NIS Сербия SAP23006_NPS_01  ;Капекс CR-1, ( RQ 1155566)  ZCJI3;"";""
10757;SAP22030_NOKT_02 Нокиан  вторая очередь;OPTIS-189;"";""
10756;NIS Сербия SAP23006_NPS_01  ;CR 601662 / LO : Ошибка программы - транзакция VF03;"";""
10755;=2023= SAP23011_IAC_02 Судебный департамент Развитие Управление имуществом на ПО Турбо Х;Доработка «Универсального отчета по объектам недвижимости»;"";""
10753; =ФК ТП 2023= системы Турбо Имущественный комплекс Федерального казначейства SAP23010_FK_03;Запрос IM9922761. Возможность продления договоров;"";""
10750;РусАгро - ЗНИ;SHLOG-187 Доработка справочника лабораторных анализов в АРМ Весовщика и создание новой плитки в интерфейсе;"";скопирована с #10622
10746; =ФК ТП 2023= системы Турбо Имущественный комплекс Федерального казначейства SAP23010_FK_03;Ошибка при открытии объекта имущества;"";""
10745;SAP22030_NOKT_02 Нокиан  вторая очередь;OPTIS-42. Доработка мобильного приложения ;"";""
10744;SAP22030_NOKT_02 Нокиан  вторая очередь;OPTIS-42. Доработка клиентского приложения ;"";""
10743;SAP22030_NOKT_02 Нокиан  вторая очередь;OPTIS-42;#10744, #10745;""
10741;=2023= SAP23011_IAC_02 Судебный департамент Развитие Управление имуществом на ПО Турбо Х;Пакетник на заполнение удельного показателя кадастровой стоимости;"";""
10740; =ФК Модернизация 2023= Федеральное казначейство Модернизация ЦИК . SAP23009_FK_02;Объекты имущества 1.20 Многопозиционный Факт БДР;"";""
10739;=2023= SAP23011_IAC_02 Судебный департамент Развитие Управление имуществом на ПО Турбо Х;Ошибка при сохранении карточки ОН: неверно отрабатывает проверка на суммарную площадь по документам управления;"";""
10735;SAP23012_NOKT_01 Сопровождение ТУРБО ТОРО для Нокиан Тайерс;OPTIS-371. Не получается загрузить PO в систему;"";""
10734;=2023= SAP23011_IAC_02 Судебный департамент Развитие Управление имуществом на ПО Турбо Х;В отчет по неиспользуемым объектам попадают ОН со статусом Архивный;"";""
10733;=2023= SAP23011_IAC_02 Судебный департамент Развитие Управление имуществом на ПО Турбо Х;Ошибка при формировании печатной формы Отчета по размещению архивов судов;"";""
10731;=2023= SAP23011_IAC_02 Судебный департамент Развитие Управление имуществом на ПО Турбо Х;В отчет 7.2 не выводятся данные оплат и актов, внесенные на объекты жилой недвижимости;"";""
10730;SAP21006_MOEK_39 ТП МОЭК SAP IS-U 2021-2024 гг.;Доработка алгоритма в программе формирования данных для расчетно-платежных документов по заявке 2000107978 (7000407965);"";""
10729; =ФК Модернизация 2023= Федеральное казначейство Модернизация ЦИК . SAP23009_FK_02;1.7 Общий отчет по затратам;"";""
10727; =ФК ТП 2023= системы Турбо Имущественный комплекс Федерального казначейства SAP23010_FK_03;Настройка отчета Сводный реестр земельных участков;"";""
10726; =ФК ТП 2023= системы Турбо Имущественный комплекс Федерального казначейства SAP23010_FK_03;Запросы СУЭ IM9742961 и IM9830024;"";""
10725;NIS Сербия SAP23006_NPS_01  ;CR 688692 Программа Z_CO_PRECONSDAT (материал 11202);"";""
10724; =ФК Модернизация 2023= Федеральное казначейство Модернизация ЦИК . SAP23009_FK_02;Ошибка открытия документов.;"";""
10723; =ФК ТП 2023= системы Турбо Имущественный комплекс Федерального казначейства SAP23010_FK_03;Ошибка в карточке ЕО;"";""
10721; =ФК Модернизация 2023= Федеральное казначейство Модернизация ЦИК . SAP23009_FK_02;Доработка карточки Путевого листа 4.9 ;"";""
10719; =ФК Модернизация 2023= Федеральное казначейство Модернизация ЦИК . SAP23009_FK_02;Создание картотеки «Сроки норм расходов топлива»;"";""
10718;NIS Сербия SAP23006_NPS_01  ;CR 726645 оценка. SEF+ЕЛСШПЕД;#11056;""
10717; =ФК ТП 2023= системы Турбо Имущественный комплекс Федерального казначейства SAP23010_FK_03;Не подтягивается Правообладатель;"";""
10716;SAP23012_NOKT_01 Сопровождение ТУРБО ТОРО для Нокиан Тайерс;OPTIS-368. Ошибка выгрузки в MS Excel отчетов;"";""
10714;SAP21006_MOEK_39 ТП МОЭК SAP IS-U 2021-2024 гг.;Выгрузка КСФ в формате pdf с внесением изменений по заявке 2000107803 (7000407392);"";""
10712; =ФК Модернизация 2023= Федеральное казначейство Модернизация ЦИК . SAP23009_FK_02;"Добавить чек-бокс ""В аутсорсинге"" в карточку ТС";"";""
10710;NIS Сербия SAP23006_NPS_01  ;CR No. 2 (1170734) - Creation of report for Payment methods control;"";""
10709;=2023= SAP23011_IAC_02 Судебный департамент Развитие Управление имуществом на ПО Турбо Х;Изменить алгоритм вывода балансодержателя в отчете В 7.11;"";""
10708;SAP22030_NOKT_01 Нокиан  ;Ошибка при экспорте отчетов в формат MS Excel (dot.net);"";""
10706;SAP21006_MOEK_39 ТП МОЭК SAP IS-U 2021-2024 гг.;доработка алгоритма формирования данных в ФМ ZISU_PRD2_XML_AP_20 по заявке 2000107620 (7000406729);"";""
10704; =ФК Модернизация 2023= Федеральное казначейство Модернизация ЦИК . SAP23009_FK_02;"Ошибка подтаблицы ""Характеристики"" в карточке ";"";""
10703; =ФК Модернизация 2023= Федеральное казначейство Модернизация ЦИК . SAP23009_FK_02;Невозможно ввести год в вэб интерфейсе;"";""
10702;=2023= SAP23011_IAC_02 Судебный департамент Развитие Управление имуществом на ПО Турбо Х;Изменения алгоритма вывода данных в отчете В 7.10;"";""
10701;РусАгро - ЗНИ;SH-374 Оптимизация АРМ Планирования;"";""
10700;РусАгро - ЗНИ;SH-374 Оптимизация АРМ Планирования;"";""
10699;NIS Сербия SAP23006_NPS_01  ;IN 705769  Ошибка при обработке IDOC;"";скопирована в #10854
10698;NIS Сербия SAP23006_NPS_01  ;CR 706937 - расширение поля BT-22 в XML, доработка печатной формы;"";""
10697;РусАгро - ЗНИ;SH-349 РАСЧЕТ СХОДИМОСТИ АУЗ;"";""
10696;=2023= SAP23011_IAC_02 Судебный департамент Развитие Управление имуществом на ПО Турбо Х;"Ошибка таблицы ""Финансовые ресурсы"" в карточке ""Заявка на обслуживание""";"";""
10695;РусАгро - ЗНИ;SH-349 РАСЧЕТ СХОДИМОСТИ АУЗ;"";""
10694; =ФК Модернизация 2023= Федеральное казначейство Модернизация ЦИК . SAP23009_FK_02;К разработке по ограничению доступа;"";""
10689;РусАгро - Штрих-кодирование;SHLOG-224 / LOG-199 / RFID поле в отчёте;"";""
10687;SAP21006_MOEK_39 ТП МОЭК SAP IS-U 2021-2024 гг.;Доработка алгоритма формирования данных в программе формирования документов в формате pdf по заявке 2000107587 (7000406585);"";""
10686;SAP21006_MOEK_39 ТП МОЭК SAP IS-U 2021-2024 гг.;Проверка алгоритма формирования данных в документе акт приема-передачи в транзакции печати и отправки РПД в ЭДО по заявке 2000107620 (7000406729);"";""
10685;РусАгро - ЗНИ;РАИ ГП фоновый запуск транзакции ZPM_ORD_CREATE SHA-135;"";""
10684;РусАгро - Тех.поддержка; SHLOG-247   Доработка кластера ракурсов ZMM_ENHANCEMENTS;"";""
10682;РусАгро - Тех.поддержка;SHLOG-252 Доработка отчета ZMM_REP_OTGR (отгрузка сои с данными протеина) - ПКМ (новые требования);"";""
10680;РусАгро - Тех.поддержка;SHLOG-242 ДОРАБОТКА ОТЧЕТА ZMM_OZM (ОТЧЕТ ОБ ИСП МАТЕРИАЛОВ В ДОКУМЕНТАХ);"";""
10676;=2023= SAP23011_IAC_02 Судебный департамент Развитие Управление имуществом на ПО Турбо Х;Доработка Отчета по итогам эксплуатации зданий в осенне-зимний период;"";""
10675;Пилотный проект Аэрофлот (ТТ+ТБ);Ошибка при добавлении задачи ;"";""
10673;Пилотный проект Аэрофлот (ТТ+ТБ);Ошибка при добавлении нового проекта ;"";""
10671; =ФК ТП 2023= системы Турбо Имущественный комплекс Федерального казначейства SAP23010_FK_03;Запрос IM9758259. Ошибки в отчете по ГСМ;"";""
10669;=2023= SAP23011_IAC_02 Судебный департамент Развитие Управление имуществом на ПО Турбо Х;Ошибка отбора документов в уточняющих отчетах (Отчет по форме собственности);"";""
10668;Белгородская индейка;"В отчете ""Остатки ТМЦ (с упаковками)"" не выводятся упаковки";"";""
10667;Белгородская индейка;В документе Сборка не подтягивается Предприятие из документа основания;"";""
10666;=2023= SAP23011_IAC_02 Судебный департамент Развитие Управление имуществом на ПО Турбо Х;Переименовать столбец Балансодержатель в отчетах по неиспользуемым ОН и архивам судов ;"";""
10665;=2023= SAP23011_IAC_02 Судебный департамент Развитие Управление имуществом на ПО Турбо Х;"Доработка отчета ""Отчет о подготовке к осенне-зимнему периоду""";"";""
10664;=2023= SAP23011_IAC_02 Судебный департамент Развитие Управление имуществом на ПО Турбо Х;Изменить проверку на заполнение полей в карточке приемки ;"";""
10663;SAP23012_NOKT_01 Сопровождение ТУРБО ТОРО для Нокиан Тайерс;OPTIS-359/ загрузка техкарт;"";""
10662;Белгородская индейка;Ошибка в отчете Остатки ТМЦ (табл. по ТМЦ);"";""
10661;Белгородская индейка;"Ошибка в поле ""Партия""";"";""
10660;SAP21006_MOEK_39 ТП МОЭК SAP IS-U 2021-2024 гг.;Дополнительные ФТ к ЗНИ2205;"";""
10659;Белгородская индейка;Ошибка контейнера в Приеме из производства;"";""
10655; =ФК Модернизация 2023= Федеральное казначейство Модернизация ЦИК . SAP23009_FK_02;Удаление документов БДР при удалении строки договора;"";""
10654; =ФК Модернизация 2023= Федеральное казначейство Модернизация ЦИК . SAP23009_FK_02;Скрыть видимость пунктов меню Договоры и отчеты по договорам;"";""
10653;NIS Сербия SAP23006_NPS_01  ;CR No. 3 (422410) - Automatic import of the European Central Bank (ECB) exchange rate for EuroDollar  into the SAP system;"";""
10652;NIS Сербия SAP23006_NPS_01  ;SD 1138624 добавить в печатные формы номер счёта банка по примеру;"";""
10651; =ФК Модернизация 2023= Федеральное казначейство Модернизация ЦИК . SAP23009_FK_02;"Добавить в роли на вкладке ""Контроль"" ограничение по Подразделению";"";""
10650;SAP23012_NOKT_01 Сопровождение ТУРБО ТОРО для Нокиан Тайерс;OPTIS-356. Активная сессия у некоторых пользователей более 12 часов.;"";""
10649; =ФК Модернизация 2023= Федеральное казначейство Модернизация ЦИК . SAP23009_FK_02;Добавить отчеты в ролевой центр;"";""
10648;NIS Сербия SAP23006_NPS_01  ;CR 726660/CO БЕ1430 Petrohemija SAP implementation;"";""
10647;=2023= SAP23011_IAC_02 Судебный департамент Развитие Управление имуществом на ПО Турбо Х;"Разработать пакетник для заполнения картотеки ""Технологические карты""";"";""
10646; =ФК Модернизация 2023= Федеральное казначейство Модернизация ЦИК . SAP23009_FK_02;Ограничение выборки в отчетах по филиалу пользователя;"";""
10645;=2023= SAP23011_IAC_02 Судебный департамент Развитие Управление имуществом на ПО Турбо Х;"Убрать проверку на заполнение поля ""Сумма"" в карточке Заявки";"";""
10644;=2023= SAP23011_IAC_02 Судебный департамент Развитие Управление имуществом на ПО Турбо Х;Убрать запрет откатывания единственной проводки степени использования;"";""
10643;NIS Сербия SAP23006_NPS_01  ;SD 603284 V2 добавить в печатные формы номер исходящей поставки по примеру;"";""
10642;NIS Сербия SAP23006_NPS_01  ;CR 592616 V2 добавить в печатные формы данные банка и изменить нумерацию страниц с i на 1;"";""
10641;=2023= SAP23011_IAC_02 Судебный департамент Развитие Управление имуществом на ПО Турбо Х;Разработать пакетник на создание операций по осенне-зимнему периоду;"";""
10639;Белгородская индейка;Ошибка при открытии Отчета ОстаткиТМЦ_Партия_ПроизводственныеЗаказы;"";""
10638;SAP23012_NOKT_01 Сопровождение ТУРБО ТОРО для Нокиан Тайерс;OPTIS-354. Загрузка техкарт;"";""
10637;SAP23012_NOKT_01 Сопровождение ТУРБО ТОРО для Нокиан Тайерс;Интеграция;"";""
10636; =ФК Модернизация 2023= Федеральное казначейство Модернизация ЦИК . SAP23009_FK_02;Ошибка в карточках Объектов имущества;"";""
10635; =ФК Модернизация 2023= Федеральное казначейство Модернизация ЦИК . SAP23009_FK_02;Ошибки в отчетах;"";""
10634;=2023= SAP23011_IAC_02 Судебный департамент Развитие Управление имуществом на ПО Турбо Х;"Доработка вида работ ""Эксплуатация в осенне-зимний период""";"";""
10633;NIS Сербия SAP23006_NPS_01  ;"697438 Добавить столбец ""номер материала поставщика"" в отчет me5j";"";""
10631;Белгородская индейка;Корректировка полей в сделке продажи;"";""
10630; =ФК Модернизация 2023= Федеральное казначейство Модернизация ЦИК . SAP23009_FK_02;Справочник Объекты;"";""
10629;Пилотный проект Аэрофлот (ТТ+ТБ);Доработка пакета соединения системы Турбо Трекинг и Турбо Бюдженитование;"";""
10628; =ФК Модернизация 2023= Федеральное казначейство Модернизация ЦИК . SAP23009_FK_02;Выгрузка параметров в таблицу;"";""
10627; Релизы ТУРБО;Подготовка Технического описания проекта Repair;"";""
10626; =ФК Модернизация 2023= Федеральное казначейство Модернизация ЦИК . SAP23009_FK_02;Параметры в отчете Структура площадей по ФО;"";""
10623; =ФК Модернизация 2023= Федеральное казначейство Модернизация ЦИК . SAP23009_FK_02;4.2 и 4.3 Изменение карточки ТС;"";""
10622;РусАгро - ЗНИ;SHLOG-187 Доработка справочника лабораторных анализов в АРМ Весовщика и создание новой плитки в интерфейсе;"";скопирована с #10075, скопирована в #10750
10621;Белгородская индейка;Доработка карточки контейнера;"";""
10620; =ФК Модернизация 2023= Федеральное казначейство Модернизация ЦИК . SAP23009_FK_02;График поставок - Просмотр данных;"";""
10619; =ФК Модернизация 2023= Федеральное казначейство Модернизация ЦИК . SAP23009_FK_02;Якорь на пробег;"";""
10617;SAP23012_NOKT_01 Сопровождение ТУРБО ТОРО для Нокиан Тайерс;OPTIS-348 OPTIS-349 OPTIS-350;"";""
10616;SAP23012_NOKT_01 Сопровождение ТУРБО ТОРО для Нокиан Тайерс;OPTIS-337. Не обновляются остатки после инвентаризации;"";""
10615;SAP23012_NOKT_01 Сопровождение ТУРБО ТОРО для Нокиан Тайерс;OPTIS-332. При проведении инвентаризации занулились позиции;"";""
10613; =ФК Модернизация 2023= Федеральное казначейство Модернизация ЦИК . SAP23009_FK_02;1.6. Отражение затрат в ОИ;"";""
10612; =ФК Модернизация 2023= Федеральное казначейство Модернизация ЦИК . SAP23009_FK_02;Сделать поля обязательными для заполнения;"";""
10610;=2023= SAP23011_IAC_02 Судебный департамент Развитие Управление имуществом на ПО Турбо Х;"Доработка ""Отчета по приемкам"" ";"";""
10609;=2023= SAP23011_IAC_02 Судебный департамент Развитие Управление имуществом на ПО Турбо Х;"Доработка ""Отчета по заявкам на обслуживание""  ";#10610;""
10608;NIS Сербия SAP23006_NPS_01  ;CR 696454 Доработка программы transakciji ZINT_PRICEB;"";""
10607;РусАгро - Штрих-кодирование;SHLOG-224 / LOG-199 / RFID-метки;"";""
10606;SAP22030_NOKT_02 Нокиан  вторая очередь;OPTIS-53;#10784, #10785;""
10604;Белгородская индейка;Необходимо скорректировать орг. структуру;"";""
10601; =ФК Модернизация 2023= Федеральное казначейство Модернизация ЦИК . SAP23009_FK_02;Ошибка работы характеристик на вэб клиенте;"";""
10600; =ФК Модернизация 2023= Федеральное казначейство Модернизация ЦИК . SAP23009_FK_02;Отчет Объекты культурного наследия;"";""
10599; =ФК Модернизация 2023= Федеральное казначейство Модернизация ЦИК . SAP23009_FK_02;Ошибка в отчетности;"";""
10598; =ФК Модернизация 2023= Федеральное казначейство Модернизация ЦИК . SAP23009_FK_02;Ошибка расчета срока действия договора;"";""
10594;Белгородская индейка;"В ""Сделке продажи"" на вкладке ""Заявка"" нет возможности ввести количество упаковок";"";""
10593; =ФК Модернизация 2023= Федеральное казначейство Модернизация ЦИК . SAP23009_FK_02;ShippingTimeline;"";""
10592;SAP22030_NOKT_02 Нокиан  вторая очередь;OPTIS-110;#10798, #10799, #11095, #11132;""
10585;Белгородская индейка;При автоматическом создании ТМЦ из Меркурия не записывается значение Typ;"";""
10584;NIS Сербия SAP23006_NPS_01  ;666434 Интеграция САП с системой Терефоре (через PI);"";""
10583;NIS Сербия SAP23006_NPS_01  ;700080 Разбор выписки по 1410 - изменение алгоритма загрузки, если вид фактуры = RC;"";""
10582;NIS Сербия SAP23006_NPS_01  ;700113 Загрузка выписки по комерц банку;"";""
10581; =ФК Модернизация 2023= Федеральное казначейство Модернизация ЦИК . SAP23009_FK_02;"Панель фильтра в картотеке ""Транспортные средства"" ";"";""
10571; =ФК Модернизация 2023= Федеральное казначейство Модернизация ЦИК . SAP23009_FK_02;4.4 и 4.5 Реализация атрибута «Мощность двигателя» в карточке ТС;"";""
10570;РусАгро - ЗНИ;SHH-333 Ведение технологии;"";""
10569; =ФК Модернизация 2023= Федеральное казначейство Модернизация ЦИК . SAP23009_FK_02;Ошибка отображения большого количества строк в веб-версии v2;"";""
10568; =ФК Модернизация 2023= Федеральное казначейство Модернизация ЦИК . SAP23009_FK_02;Привязать справочник к полю;"";""
10567;Белгородская индейка;"Невозможно создать последующий документ из ""Договора продажи""";"";""
10566;Белгородская индейка;"При вызове сервиса ""Переместить контейнер"" не заполняется поле Контейнер_Куда";"";""
10565;Пилотный проект Аэрофлот (ТТ+ТБ);Турбо Трекинг 172.23.12.212 25885 - подключить проект ETL;"";""
10564;Белгородская индейка;Проблемы при создании Производственной партии;"";""
10563;SAP22030_NOKT_01 Нокиан  ;OPTIS-235;"";""
10562;РусАгро - Штрих-кодирование;Маркировка з/ч RFID-метками (SHLOG-224);"";""
10561;=2023= SAP23011_IAC_02 Судебный департамент Развитие Управление имуществом на ПО Турбо Х;Доработка выгрузки для отчетов ;"";""
10560;SAP22030_NOKT_01 Нокиан  ;OPTIS-54;"";""
10559;SAP22030_NOKT_01 Нокиан  ;OPTIS-46;"";""
10558;SAP22030_NOKT_01 Нокиан  ;OPTIS-96;"";""
10557;Белгородская индейка;"В документе ""Отгрузка ТМЦ"" отсутствуют вкладки Транспортировка и ВСД";"";""
10556;Белгородская индейка;Ошибка в Резервировании;"";""
10555;SAP22030_NOKT_01 Нокиан  ;OPTIS-263;"";""
10554;Белгородская индейка;"Не создается ""Сделка продажи"" из ""Договора продажи""";"";""
10553;Белгородская индейка;"Ошибка при вызове сервисов в документе ""Перемещение ТМЦ""";"";""
10552;Белгородская индейка;"Ошибка при вызове сервиса ""Создать списание ТМЦ""";"";""
10551;Белгородская индейка;"Ошибка при вызове сервиса ""Создать перемещение контейнера""";"";""
10550;Белгородская индейка;Ошибка при добавлении контейнера;"";""
10549;Белгородская индейка;"В ""Приеме из производства"" не подтягивается себестоимость";"";""
10548; =ФК Модернизация 2023= Федеральное казначейство Модернизация ЦИК . SAP23009_FK_02;Исправить ошибку в Правоустанавливающих документах;"";""
10547;РусАгро - ЗНИ;SH-332 Визуализация ОППР (бэк);"";""
10546; =ФК Модернизация 2023= Федеральное казначейство Модернизация ЦИК . SAP23009_FK_02;Ошибки в отчетах на 26 сервере, 81 порт;"";""
10545;SAP23012_NOKT_01 Сопровождение ТУРБО ТОРО для Нокиан Тайерс;Статусы PR;"";""
10544;NIS Сербия SAP23006_NPS_01  ;CR711545: Расширение полей для клиента в XML - разработка;"";""
10541;Пилотный проект Аэрофлот (ТТ+ТБ);Устранение ошибок компилляции проекта TrackingSciener в связи с установкой новой версии базовых проектов;"";""
10539;NIS Сербия SAP23006_NPS_01  ;CR 698189 Разработка отчета транзакция ZCO_INTERCOMP Усаглашавање интеркомпанијских односа;"";""
10538;NIS Сербия SAP23006_NPS_01  ;Оценка ЗНИ 654485;"";""
10537; =ФК Модернизация 2023= Федеральное казначейство Модернизация ЦИК . SAP23009_FK_02;"Ошибка ввода значений в табличную часть ""Характеристики""";"";""
10536;SAP23012_NOKT_01 Сопровождение ТУРБО ТОРО для Нокиан Тайерс;Дозагрузка заказов;"";""
10535; =ФК Модернизация 2023= Федеральное казначейство Модернизация ЦИК . SAP23009_FK_02;Ошибка в отчете Наработка оборудования;"";""
10534;NIS Сербия SAP23006_NPS_01  ;CR720788 - Добавление почтового индекса в XML файл (для SEF);"";""
